name,ra,dec,v,uw2,distance,parallax,v_err_lo,v_err_hi,uw2_err_lo,uw2_err_hi
GaiaJ1644-0449,251.0712541,-4.83011568,17.029225552575376,33.85193765266268,83.045561431698,12.04158275,0.7257726571269991,0.8224882913984537,2.9808496678339296,3.5880805684649957
SDSSJ1330+6435,202.5037393,64.58981956,-21.219937954448152,30.591038865173118,86.46270862469159,11.56567977,3.007746818486588,2.572921570671049,2.4880928757060055,2.9523567997227644
WDJ2356-209,359.1865393,-20.91490306,-12.934321836885493,122.76565086749807,64.80963816896964,15.42980378,1.0211007312573024,0.9538118255249106,4.2309644899760315,4.551316111223699
